scene,cluster,N_points,dx,dy,dz,x_mean,y_mean,z_mean,intensity_mean,intensity_std,is_cone,odom_timestamp,odom_x,odom_y,odom_z,odom_yaw,odom_vx,odom_vy,odom_yawrate,x_global,y_global
1,18,8,0.056661606,0.1448071,0.21000758,12.133496,-2.4788785,0.2813003,29.125,23.763342,True,1690471366.185646,-10.060138020196645,-0.6213523716723535,0.0,0.105596787736036,11.24583620310015,-0.1320067998165958,-0.1544590226808138,2.2670478496109197,-1.8075447384472079
2,13,7,0.08332872,0.07351875,0.24318424,-0.14456876,-12.806242,-0.10789854,8.285714,5.4989176,True,1690471366.735617,-15.572383279775234,-4.2751434898466965,0.0,0.3793849526002519,11.554039304903156,-0.475420646995588,-0.8724335710449307,-10.963890310834643,-16.22430776372615
2,14,5,0.096743345,0.10164642,0.20275094,-3.2184734,-15.531517,-0.27256835,16.6,14.41527,True,1690471366.735617,-15.572383279775234,-4.2751434898466965,0.0,0.3793849526002519,11.554039304903156,-0.475420646995588,-0.8724335710449307,-12.809914075998819,-19.89421373253347
2,15,6,0.1178422,0.10131836,0.20986703,-4.316686,-16.002106,-0.30400527,11.333333,7.5277267,True,1690471366.735617,-15.572383279775234,-4.2751434898466965,0.0,0.3793849526002519,11.554039304903156,-0.475420646995588,-0.8724335710449307,-13.655753354158266,-20.738062556223156
3,2,6,0.102202654,0.09175873,0.2731192,1.8375119,-16.105534,-0.13786775,21.666666,16.524729,True,1690471367.375654,-18.325668699383193,-13.320478862580464,0.0,0.9184861170004348,12.072617461793596,-0.4635140305862473,-0.8144832810388083,-4.411451820351628,-21.636682566859875
3,4,6,0.15681326,0.061422348,0.24316268,-0.7380256,-12.730392,-0.20301192,10.166667,4.9966655,True,1690471367.375654,-18.325668699383193,-13.320478862580464,0.0,0.9184861170004348,12.072617461793596,-0.4635140305862473,-0.8144832810388083,-8.657034549829497,-21.63462800377365
3,5,5,0.22033644,0.11647797,0.21586744,-1.9396124,-16.666939,-0.35453233,19.0,14.265343,True,1690471367.375654,-18.325668699383193,-13.320478862580464,0.0,0.9184861170004348,12.072617461793596,-0.4635140305862473,-0.8144832810388083,-6.258117252057094,-24.979087439854702
3,6,6,0.2098825,0.0963459,0.22465903,-2.6457636,-17.610394,-0.41035593,13.333333,8.594572,True,1690471367.375654,-18.325668699383193,-13.320478862580464,0.0,0.9184861170004348,12.072617461793596,-0.4635140305862473,-0.8144832810388083,-5.9370197288305135,-26.11295393766835
3,16,6,0.05271721,0.114774704,0.21979332,10.915765,-6.917351,0.22968347,8.833333,4.9159603,True,1690471367.375654,-18.325668699383193,-13.320478862580464,0.0,0.9184861170004348,12.072617461793596,-0.4635140305862473,-0.8144832810388083,-6.2024331786235365,-8.844897235504792
3,17,5,0.11108637,0.061307907,0.21224429,4.5420656,-16.420437,-0.12536088,13.6,11.631853,True,1690471367.375654,-18.325668699383193,-13.320478862580464,0.0,0.9184861170004348,12.072617461793596,-0.4635140305862473,-0.8144832810388083,-2.519474819738697,-19.678571833335234
5,10,12,0.14740849,0.1496563,0.27129054,6.5035033,-9.520243,0.28843984,17.166666,17.465984,True,1690471368.485759,-16.801137098928752,-25.927368256155308,0.0,1.6448005644056034,8.754151580884216,-0.3314225685228743,-0.4715377704731092,-7.7877992332675365,-18.73777004265286
5,14,8,0.086060524,0.074103355,0.23963019,2.3794832,-13.048153,0.13799353,20.0,13.938641,True,1690471368.485759,-16.801137098928752,-25.927368256155308,0.0,1.6448005644056034,8.754151580884216,-0.3314225685228743,-0.4715377704731092,-3.9646288825616143,-22.589660386729015
5,17,7,0.10334657,0.09775257,0.26291043,0.12725748,-14.618329,0.0113512,14.571428,8.141603,True,1690471368.485759,-16.801137098928752,-25.927368256155308,0.0,1.6448005644056034,8.754151580884216,-0.3314225685228743,-0.4715377704731092,-2.2322284013740035,-24.719627977465187
8,2,5,0.058781624,0.11794567,0.20675743,14.323755,8.750161,0.42544216,11.0,5.2915025,True,1690471370.205947,26.257157886867827,-8.89740942462214,0.0,-2.510128549111731,9.645469460442609,-0.3603329382693955,-1.259818616799059,19.860995175902897,-24.415926666962264
8,15,5,0.10098219,0.05285263,0.19474253,-0.80261004,-15.430418,-0.18371087,18.0,9.165152,True,1690471370.205947,26.257157886867827,-8.89740942462214,0.0,-2.510128549111731,9.645469460442609,-0.3603329382693955,-1.259818616799059,17.79600099761244,4.031272125576196
12,13,5,0.16648293,0.10295391,0.21496558,17.629217,1.626976,0.42674723,12.4,9.964938,True,1690471372.496028,-11.886839178632032,-12.946942116021782,0.0,2.373529027958362,11.385422368194718,0.3584814015228625,0.5146828953377528,-25.69711369520398,-1.8693674394696806
12,14,7,0.092017174,0.1769107,0.25788945,14.820617,-0.25230896,0.37751028,6.0,4.6547465,True,1690471372.496028,-11.886839178632032,-12.946942116021782,0.0,2.373529027958362,11.385422368194718,0.3584814015228625,0.5146828953377528,-22.371386082128232,-2.4689354210261407
12,19,8,0.1700182,0.13150406,0.25470757,8.9426985,-11.242283,0.3099908,5.875,6.512351,True,1690471372.496028,-11.886839178632032,-12.946942116021782,0.0,2.373529027958362,11.385422368194718,0.3584814015228625,0.5146828953377528,-10.508434061716798,1.3520362687319052
13,1,9,0.06350422,0.15983915,0.2202388,10.445327,-6.778776,0.3513796,8.666667,6.8007355,True,1690471373.066141,-21.19753731870723,-10.672539006050991,0.0,2.2058420448478637,13.44490242233841,-0.020188406818121,0.0171324587681774,-21.936638017134676,1.7576818428594994
13,4,5,0.13807797,0.09585571,0.24664855,3.01047,-20.699886,-0.1281297,3.6,1.8165902,True,1690471373.066141,-21.19753731870723,-10.672539006050991,0.0,2.2058420448478637,13.44490242233841,-0.020188406818121,0.0171324587681774,-6.319060269939232,4.030492339327413
13,5,5,0.1175125,0.054553986,0.22990091,-0.055764418,-17.482254,-0.06616479,15.0,9.273619,True,1690471373.066141,-21.19753731870723,-10.672539006050991,0.0,2.2058420448478637,13.44490242233841,-0.020188406818121,0.0171324587681774,-7.090463296014722,-0.346708428847764
13,6,7,0.15745759,0.05785656,0.22742414,-0.32936415,-12.458725,0.014591697,10.428572,6.996598,True,1690471373.066141,-21.19753731870723,-10.672539006050991,0.0,2.2058420448478637,13.44490242233841,-0.020188406818121,0.0171324587681774,-10.972324794432392,-3.5469977492520943
13,7,5,0.107363045,0.07025337,0.18763982,-0.9973353,-15.904486,-0.03301656,16.8,10.449881,True,1690471373.066141,-21.19753731870723,-10.672539006050991,0.0,2.2058420448478637,13.44490242233841,-0.020188406818121,0.0171324587681774,-7.802083537181961,-2.0406695323018376
13,8,6,0.105201244,0.055826187,0.18506315,-2.1637545,-15.3062525,-0.02655535,14.0,8.074652,True,1690471373.066141,-21.19753731870723,-10.672539006050991,0.0,2.2058420448478637,13.44490242233841,-0.020188406818121,0.0171324587681774,-7.591751599346853,-3.3345696623649808
13,12,6,0.118392944,0.120874405,0.23357198,-5.950501,-11.301341,-0.087219425,5.8333335,2.136976,True,1690471373.066141,-21.19753731870723,-10.672539006050991,0.0,2.2058420448478637,13.44490242233841,-0.020188406818121,0.0171324587681774,-8.569531632444358,-8.75884024788801
14,7,7,0.08675575,0.08433914,0.25982514,11.431645,-8.483714,0.10131295,17.571428,9.795528,True,1690471373.686351,-23.238845767522495,-17.92215921517128,0.0,2.5165714457903543,9.313203305250024,-0.5827862814348129,-0.9382360279538242,-27.545402570801997,-4.353464394373371
14,10,6,0.11764431,0.091267586,0.28525904,9.201535,-12.349389,-0.01739001,4.5,3.2093613,True,1690471373.686351,-23.238845767522495,-17.92215921517128,0.0,2.5165714457903543,9.313203305250024,-0.5827862814348129,-0.9382360279538242,-23.47503089655195,-2.523462139951853
15,14,5,0.07565212,0.092309,0.20003375,15.137189,-6.6947527,0.025243348,13.0,7.3484693,True,1690471374.236688,-14.896439195054317,-28.773862101639047,0.0,3.091446638984074,11.251242508217032,-0.6115133024124851,-1.0606265060538609,-29.679025537932578,-21.328773415046566
15,15,5,0.055419922,0.13338757,0.24212402,17.885199,-9.022219,0.037316598,8.6,4.5055523,True,1690471374.236688,-14.896439195054317,-28.773862101639047,0.0,3.091446638984074,11.251242508217032,-0.6115133024124851,-1.0606265060538609,-32.30691690732579,-18.86648884814445
15,21,5,0.119724035,0.064661026,0.20835538,0.6930849,-17.008692,-0.09318588,14.4,12.381437,True,1690471374.236688,-14.896439195054317,-28.773862101639047,0.0,3.091446638984074,11.251242508217032,-0.6115133024124851,-1.0606265060538609,-14.736092152932066,-11.751809961677935
16,3,7,0.14420223,0.13480473,0.2592389,9.206317,-11.319358,0.10397383,6.428571,5.533448,True,1690471374.766423,-4.003457068100464,-33.79294271670126,0.0,-2.645659797318034,14.120740767172672,-0.040680499936592,-0.5708891208388645,-17.48698764845356,-28.21812959648495
16,4,5,0.107008934,0.10403347,0.21337126,10.426755,-15.347898,0.07706281,10.6,9.071935,True,1690471374.766423,-4.003457068100464,-33.79294271670126,0.0,-2.645659797318034,14.120740767172672,-0.040680499936592,-0.5708891208388645,-20.477383753842624,-25.255675448938035
16,5,6,0.13500261,0.06680584,0.20134577,7.7401137,-14.28094,0.032341663,9.166667,4.833908,True,1690471374.766423,-4.003457068100464,-33.79294271670126,0.0,-2.645659797318034,14.120740767172672,-0.040680499936592,-0.5708891208388645,-17.606700602929862,-24.91564736819281
16,6,6,0.11733484,0.108860016,0.18761528,3.909807,-14.633695,0.01757785,12.833333,6.047038,True,1690471374.766423,-4.003457068100464,-33.79294271670126,0.0,-2.645659797318034,14.120740767172672,-0.040680499936592,-0.5708891208388645,-14.40570866017876,-22.782730096348352
18,12,6,0.17981482,0.13355923,0.1780877,-4.5443954,-13.7284355,-0.1633468,14.666667,17.00196,True,1690471375.886738,-10.537059674327606,-35.68559754424206,0.0,-2.3681176220738234,14.83751843639964,-0.2156245859745856,-0.3232208783886764,-16.876641848587752,-22.688245172123942
18,15,5,0.1474104,0.14161015,0.20441782,-8.152452,-15.065924,-0.21947095,7.4,5.1283526,True,1690471375.886738,-10.537059674327606,-35.68559754424206,0.0,-2.3681176220738234,14.83751843639964,-0.2156245859745856,-0.3232208783886764,-15.22952732498938,-19.21060780422787
20,18,7,0.15227461,0.088401794,0.24966638,6.84749,-12.395724,0.15025833,14.571428,11.501553,True,1690471377.026683,-2.0707049078432247,-39.90497451205787,0.0,-1.798508740273561,8.90587821715229,-0.4375808330408647,-0.6297668335076998,-15.692255831226761,-43.777369536580174
22,7,6,0.13156605,0.08803177,0.20170423,6.406227,-16.358091,0.02166222,12.833333,8.280499,True,1690471378.150297,29.510813176502356,-20.50460978413599,0.0,-0.5895286298522796,8.755588384422119,-0.6056402397644869,-0.8960985824748805,25.74109116118629,-37.66316687577547
22,8,6,0.08336115,0.080872536,0.25388855,3.7508829,-13.622688,0.0109199835,8.833333,5.3447795,True,1690471378.150297,29.510813176502356,-20.50460978413599,0.0,-0.5895286298522796,8.755588384422119,-0.6056402397644869,-0.8960985824748805,25.054761645149714,-33.91320238831284
22,13,5,0.14864969,0.12916565,0.18264599,-6.563394,-13.681679,-0.21786079,6.2,4.7644515,True,1690471378.150297,29.510813176502356,-20.50460978413599,0.0,-0.5895286298522796,8.755588384422119,-0.6056402397644869,-0.8960985824748805,16.44870822234211,-28.227814768129313
23,7,8,0.11897373,0.091814995,0.21772198,9.220016,-8.513611,0.17725018,22.5,20.59126,True,1690471378.75667,31.55886154005743,-1.032153319059696,0.0,0.0156399035484836,6.930292523522593,-0.8111031408975572,-1.2766702701690402,40.91089655138254,-9.400528815326947
23,8,6,0.19611359,0.1563034,0.23305881,13.886846,-14.195056,0.15552399,9.0,6.752777,True,1690471378.75667,31.55886154005743,-1.032153319059696,0.0,0.0156399035484836,6.930292523522593,-0.8111031408975572,-1.2766702701690402,45.66600942369591,-15.00829317454219
23,9,5,0.050540924,0.112169266,0.16994613,10.239989,-10.6976595,0.1617396,18.8,21.111609,True,1690471378.75667,31.55886154005743,-1.032153319059696,0.0,0.0156399035484836,6.930292523522593,-0.8111031408975572,-1.2766702701690402,41.9649017232146,-11.568358575440165
23,12,5,0.13365078,0.106744766,0.24480252,-1.9583578,-20.625616,-0.374478,7.6,5.5946403,True,1690471378.75667,31.55886154005743,-1.032153319059696,0.0,0.0156399035484836,6.930292523522593,-0.8111031408975572,-1.2766702701690402,29.923312742835947,-21.685874068217323
23,15,5,0.08218765,0.057082176,0.18119422,-8.011812,-12.432127,-0.27079135,3.8,1.7888544,True,1690471378.75667,31.55886154005743,-1.032153319059696,0.0,0.0156399035484836,6.930292523522593,-0.8111031408975572,-1.2766702701690402,23.74245873156938,-13.588058718628979
24,1,5,0.13719463,0.2249422,0.22538027,11.375979,-13.716723,0.0064947726,8.8,5.1185937,True,1690471379.316669,19.711485048822972,19.583065105819077,0.0,0.7561671506750354,9.799532877988115,-0.4515328417472713,-1.036686987294635,37.398749970244225,17.410037801197454
24,4,5,0.09230709,0.059264183,0.17967525,-4.8730345,-14.117727,-0.13686247,17.4,17.126003,True,1690471379.316669,19.711485048822972,19.583065105819077,0.0,0.7561671506750354,9.799532877988115,-0.4515328417472713,-1.036686987294635,25.853204586968943,5.969249990302217
24,7,5,0.08252382,0.06754017,0.2657535,-7.577906,-12.00858,-0.1432809,5.0,2.1213202,True,1690471379.316669,19.711485048822972,19.583065105819077,0.0,0.7561671506750354,9.799532877988115,-0.4515328417472713,-1.036686987294635,22.438322102806836,5.64767804114604
25,5,5,0.2196455,0.19545841,0.107954204,8.918561,13.576437,0.5072137,7.8,6.8337398,True,1690471379.846695,5.586023940630435,24.65127357093824,0.0,1.120780733387922,12.833803977303663,-0.0979466028079841,-0.3009260636571344,-2.7593554570867997,38.58737828616791
25,6,6,0.06907177,0.11086941,0.166026,9.175057,9.449891,0.50369275,17.666666,15.357951,True,1690471379.846695,5.586023940630435,24.65127357093824,0.0,1.120780733387922,12.833803977303663,-0.0979466028079841,-0.3009260636571344,1.0679234632918408,37.02337440070045
25,9,5,0.09053993,0.10480499,0.16748065,14.218721,-11.635172,0.28475234,9.0,4.527693,True,1690471379.846695,5.586023940630435,24.65127357093824,0.0,1.120780733387922,12.833803977303663,-0.0979466028079841,-0.3009260636571344,22.2476551544723,32.393321080438255
25,17,6,0.119645596,0.08417797,0.2255038,-5.3040266,-15.631839,-0.02678986,8.666667,4.131182,True,1690471379.846695,5.586023940630435,24.65127357093824,0.0,1.120780733387922,12.833803977303663,-0.0979466028079841,-0.3009260636571344,17.35441880971765,13.075783477613022
25,18,5,0.10112381,0.107105255,0.23206481,-4.982244,-12.140602,-0.0067598172,7.0,4.84768,True,1690471379.846695,5.586023940630435,24.65127357093824,0.0,1.120780733387922,12.833803977303663,-0.0979466028079841,-0.3009260636571344,14.350737108090032,14.884146291635474
26,8,7,0.098543644,0.15027428,0.23434025,7.015338,10.249511,0.35433665,8.142858,4.450789,True,1690471380.376922,1.414531722878828,24.422647967691873,0.0,1.0496760371820215,9.343495078663093,0.3579365956120962,0.4539746099381284,-3.9818792409422628,35.60952383644614
26,11,6,0.06949425,0.087263584,0.2165274,12.875636,-6.173899,0.42632163,5.1666665,4.2150526,True,1690471380.376922,1.414531722878828,24.422647967691873,0.0,1.0496760371820215,9.343495078663093,0.3579365956120962,0.4539746099381284,13.179081208258367,32.51550943152238
26,12,7,0.07969856,0.16111231,0.21815103,10.351889,-7.2453575,0.35245296,9.714286,7.521398,True,1690471380.376922,1.414531722878828,24.422647967691873,0.0,1.0496760371820215,9.343495078663093,0.3579365956120962,0.4539746099381284,12.851863855523696,29.79333180298663
26,14,6,0.12343836,0.11255264,0.25436938,7.51846,-12.385518,0.25280607,16.5,11.344603,True,1690471380.376922,1.414531722878828,24.422647967691873,0.0,1.0496760371820215,9.343495078663093,0.3579365956120962,0.4539746099381284,15.899101264163416,24.77696717915914
27,7,5,0.05274582,0.12554413,0.2182118,18.939892,-1.0710663,0.318468,13.2,7.5960517,True,1690471380.957253,7.158444527530356,22.13171448485666,0.0,0.6173056790713389,6.794399201541027,0.766341967880071,1.143024595756593,23.222785157251856,32.22149407228763
27,14,9,0.18379605,0.12784863,0.25236306,1.7398885,-13.876972,0.06946942,15.222222,9.743944,True,1690471380.957253,7.158444527530356,22.13171448485666,0.0,0.6173056790713389,6.794399201541027,0.766341967880071,1.143024595756593,16.609770248382123,11.822980032966743
28,9,8,0.086585045,0.10058069,0.22982998,12.2695265,-5.8411226,0.33101934,4.875,5.055054,True,1690471381.516859,16.826915873658724,11.37738344834907,0.0,-0.1626897210759236,8.194151308460777,1.0014713909956496,1.5856397594614595,27.98832151205711,3.626059823473004
29,6,6,0.13273239,0.18682444,0.1909666,15.632175,1.2913574,0.52356553,12.833333,11.6518955,True,1690471382.056936,15.7409651060402,-2.207499470403721,0.0,-0.9045387117787418,8.029879495342643,0.7735722327689694,1.1282075795353346,26.417591909712762,-13.698458493055417
29,8,5,0.11593056,0.20174265,0.124720216,18.010344,-7.9250536,0.59933233,17.4,16.697306,True,1690471382.056936,15.7409651060402,-2.207499470403721,0.0,-0.9045387117787418,8.029879495342643,0.7735722327689694,1.1282075795353346,20.64202454075084,-21.264219596874664
29,10,5,0.09055519,0.08983612,0.19643462,8.891761,-13.018957,0.41969824,5.4,4.97996,True,1690471382.056936,15.7409651060402,-2.207499470403721,0.0,-0.9045387117787418,8.029879495342643,0.7735722327689694,1.1282075795353346,11.001778042358838,-17.24401372818319
29,14,6,0.10396242,0.11793232,0.2053178,-4.9348454,-14.988227,0.12078408,11.5,5.75326,True,1690471382.056936,15.7409651060402,-2.207499470403721,0.0,-0.9045387117787418,8.029879495342643,0.7735722327689694,1.1282075795353346,0.9081455050949394,-7.591467376255712
29,15,5,0.12869549,0.06248474,0.21371077,-6.741187,-15.12771,0.04682087,9.0,4.84768,True,1690471382.056936,15.7409651060402,-2.207499470403721,0.0,-0.9045387117787418,8.029879495342643,0.7735722327689694,1.1282075795353346,-0.3179140042272959,-6.25763696620349
30,8,5,0.1316309,0.1437378,0.20492946,-5.6471167,-15.017685,0.04711582,6.4,4.560702,True,1690471382.616944,6.312973689187792,-10.849433989228592,0.0,-1.5808444854433874,8.999527498007275,0.2069926075122489,0.3761979407635554,-8.647211013548535,-5.051704826646235
30,11,6,0.1279583,0.15048599,0.27785116,-4.461759,13.343399,0.14337553,4.5,3.563706,True,1690471382.616944,6.312973689187792,-10.849433989228592,0.0,-1.5808444854433874,8.999527498007275,0.2069926075122489,0.3761979407635554,19.700530791296604,-6.521974563068958
30,13,6,0.08789253,0.07237148,0.18572454,4.383418,14.0355215,0.28945333,15.5,6.348228,True,1690471382.616944,6.312973689187792,-10.849433989228592,0.0,-1.5808444854433874,8.999527498007275,0.2069926075122489,0.3761979407635554,20.303742105166098,-15.37365947765754
35,16,6,0.09286213,0.10859156,0.20124635,14.609569,-7.3916583,0.3577261,12.0,5.7271285,True,1690471385.437487,-12.66534143189038,-1.539636273540524,0.0,0.1822031976533841,12.095770592329108,-0.326159027572249,-0.4853434285844926,3.0417378220523803,-6.16173321108747
35,19,6,0.07986832,0.09056568,0.24088827,11.27908,-8.213031,0.28852803,8.166667,6.1128283,True,1690471385.437487,-12.66534143189038,-1.539636273540524,0.0,0.1822031976533841,12.095770592329108,-0.326159027572249,-0.4853434285844926,-0.08479109808401097,-7.5729833671466515
35,23,5,0.08126128,0.07426739,0.23118456,0.8244899,-12.924466,-0.034799997,11.2,4.7644515,True,1690471385.437487,-12.66534143189038,-1.539636273540524,0.0,0.1822031976533841,12.095770592329108,-0.326159027572249,-0.4853434285844926,-9.512628326168986,-14.100766997061022
35,24,7,0.14241421,0.056037903,0.2262027,-1.9353142,-11.44727,-0.11534597,9.571428,8.657504,True,1690471385.437487,-12.66534143189038,-1.539636273540524,0.0,0.1822031976533841,12.095770592329108,-0.326159027572249,-0.4853434285844926,-12.494412122372662,-13.148090721776493
35,25,5,0.14170456,0.10235405,0.2082279,-7.9838233,-14.445752,-0.3779605,2.8,0.4472136,True,1690471385.437487,-12.66534143189038,-1.539636273540524,0.0,0.1822031976533841,12.095770592329108,-0.326159027572249,-0.4853434285844926,-17.899484290112987,-17.192908579063232
36,10,5,0.10411072,0.14687634,0.18309306,12.516687,-10.310371,0.22624259,6.2,2.8635643,True,1690471386.037405,-17.43046092265695,-8.522204038853157,0.0,0.6425968893229363,12.45052797826328,-0.5094790002824454,-0.9372698040642886,-1.2315629163647088,-9.275136303636177
36,11,6,0.08980274,0.09720039,0.17767751,3.0809405,-13.659364,0.011595962,6.3333335,6.121002,True,1690471386.037405,-17.43046092265695,-8.522204038853157,0.0,0.6425968893229363,12.45052797826328,-0.5094790002824454,-0.9372698040642886,-6.7783038220388985,-17.610766540854712
36,13,5,0.09197235,0.060890198,0.23874289,-3.4188294,-12.647311,-0.102733694,8.4,5.4129477,True,1690471386.037405,-17.43046092265695,-8.522204038853157,0.0,0.6425968893229363,12.45052797826328,-0.5094790002824454,-0.9372698040642886,-12.58814340437559,-20.695733972655056
37,7,5,0.14925098,0.21879578,0.14891297,15.71127,-7.9460325,0.31107575,9.6,7.1972218,True,1690471386.587484,-18.20288383761088,-16.901219605411338,0.0,1.1161419857710235,12.30114449047515,-0.4781679830562411,-0.9124713497762824,-4.1644334745782015,-6.275526738185036
37,8,6,0.07791233,0.07375193,0.2223233,11.34381,-6.4943376,0.21658249,8.5,5.8223705,True,1690471386.587484,-18.20288383761088,-16.901219605411338,0.0,1.1161419857710235,12.30114449047515,-0.4781679830562411,-0.9124713497762824,-7.386632769631562,-9.561794627028496
37,10,6,0.10379791,0.10235691,0.24417536,11.55203,-8.257369,0.16317362,6.6666665,3.9327683,True,1690471386.587484,-18.20288383761088,-16.901219605411338,0.0,1.1161419857710235,12.30114449047515,-0.4781679830562411,-0.9124713497762824,-5.711262467609537,-10.148965502403456
37,12,5,0.053399086,0.13794899,0.25830573,10.992252,-9.786837,0.12593104,5.0,4.2426405,True,1690471386.587484,-18.20288383761088,-16.901219605411338,0.0,1.1161419857710235,12.30114449047515,-0.4781679830562411,-0.9124713497762824,-4.582996232813823,-11.32354588523296
37,13,5,0.111866,0.060560226,0.21935926,10.203064,-14.449534,-0.065927945,11.6,6.503845,True,1690471386.587484,-18.20288383761088,-16.901219605411338,0.0,1.1161419857710235,12.30114449047515,-0.4781679830562411,-0.9124713497762824,-0.7405425262157976,-14.080194307829515
37,14,5,0.107709885,0.065410614,0.20449647,4.85205,-15.415922,-0.22565123,16.6,11.631853,True,1690471386.587484,-18.20288383761088,-16.901219605411338,0.0,1.1161419857710235,12.30114449047515,-0.4781679830562411,-0.9124713497762824,-2.2222345075115424,-19.31200522445331
37,15,6,0.10792947,0.15842915,0.20003223,2.1270921,-15.659446,-0.24959546,15.0,11.366618,True,1690471386.587484,-18.20288383761088,-16.901219605411338,0.0,1.1161419857710235,12.30114449047515,-0.4781679830562411,-0.9124713497762824,-3.200119564302719,-21.867086497339344
37,17,5,0.15191996,0.09088993,0.23377442,-0.9929239,-12.852496,-0.26547223,11.2,5.263079,True,1690471386.587484,-18.20288383761088,-16.901219605411338,0.0,1.1161419857710235,12.30114449047515,-0.4781679830562411,-0.9124713497762824,-7.092080222519064,-23.43747192061994
37,19,5,0.10801053,0.071718216,0.20448577,-1.9248146,-18.014256,-0.4632183,15.2,8.58487,True,1690471386.587484,-18.20288383761088,-16.901219605411338,0.0,1.1161419857710235,12.30114449047515,-0.4781679830562411,-0.9124713497762824,-2.8639300364227545,-26.54149069926163
37,20,6,0.09829545,0.081199646,0.18902318,-3.8354056,-14.236388,-0.31037146,4.1666665,3.060501,True,1690471386.587484,-18.20288383761088,-16.901219605411338,0.0,1.1161419857710235,12.30114449047515,-0.4781679830562411,-0.9124713497762824,-7.097054769551516,-26.598932743780765
38,13,8,0.11627102,0.12358379,0.23121291,8.220931,-10.609365,0.22651955,13.5,8.383657,True,1690471387.127627,-17.188373525886266,-23.575523111521683,0.0,1.5040358738084638,12.005522627178738,-0.248077077833237,-0.526610879079066,-6.0542170128059976,-16.080665477635748
38,15,7,0.18185246,0.08346653,0.2815222,1.1822709,-14.743247,-0.18787482,19.714285,13.474844,True,1690471387.127627,-17.188373525886266,-23.575523111521683,0.0,1.5040358738084638,12.005522627178738,-0.248077077833237,-0.526610879079066,-2.3990990184515706,-23.37942077156104
38,16,11,0.21003135,0.09179497,0.27843815,0.11736605,-11.370397,-0.086833194,8.090909,6.518505,True,1690471387.127627,-17.188373525886266,-23.575523111521683,0.0,1.5040358738084638,12.005522627178738,-0.248077077833237,-0.526610879079066,-5.835476215957639,-24.216947618004696
39,3,6,0.13037527,0.097141266,0.21860166,-1.3152032,-16.503328,-0.12876265,22.5,14.432602,True,1690471387.677544,-14.757796072261897,-28.183945272670172,0.0,1.7898264439873213,7.348864755722267,-0.4898649063719339,-0.6705846414625805,1.6370164162405612,-25.881833633388084
39,13,8,0.08902955,0.07407379,0.22817442,2.3655012,-12.65981,0.031057104,19.875,16.923674,True,1690471387.677544,-14.757796072261897,-28.183945272670172,0.0,1.7898264439873213,7.348864755722267,-0.4898649063719339,-0.6705846414625805,-2.914429287473279,-23.12419741687072
40,15,5,0.18205547,0.17160606,0.22188607,7.582049,-17.366924,-0.07855481,13.0,9.300538,True,1690471388.247528,0.1916811177820762,-32.33743346214774,0.0,2.3921890315926255,6.483002910849343,-0.9649375338304188,-1.6083688033440615,6.471287186605181,-14.458281807760528
40,17,5,0.10603809,0.1855011,0.21081947,6.025617,-17.164185,-0.06200268,14.8,13.881642,True,1690471388.247528,0.1916811177820762,-32.33743346214774,0.0,2.3921890315926255,6.483002910849343,-0.9649375338304188,-1.6083688033440615,7.472637397397778,-15.666951087626044
41,2,5,0.058493614,0.08640385,0.16261649,13.1062975,-7.6988535,0.28671747,16.4,6.1886992,True,1690471388.797572,20.67814748303747,-22.11668092314646,0.0,-3.0435340839935927,7.876798751524704,-0.8867631715644045,-1.7265766651891532,6.881081905987513,-15.737938034806188
41,17,5,0.10879183,0.1632595,0.2232301,-4.0949545,-17.356396,-0.26015502,16.6,11.949896,True,1690471388.797572,20.67814748303747,-22.11668092314646,0.0,-3.0435340839935927,7.876798751524704,-0.8867631715644045,-1.7265766651891532,23.05421309568616,-4.442760965472253
42,23,5,0.105247974,0.083496094,0.2100307,7.4630575,-16.56373,-0.0047345487,8.6,4.5055523,True,1690471389.427703,24.621038970149005,-2.2935915198745227,0.0,-2.259951290855947,11.339349673517622,-0.2487658019162394,-0.5525783178229352,7.0917752057457975,2.4791739928221688
43,13,5,0.110194206,0.05964756,0.21313483,7.8992896,-15.063013,0.42805272,11.2,7.6615925,True,1690471390.047593,18.09772363553792,-2.400623822342129,0.0,-2.2782729240916098,7.776757335089203,0.5928846551628383,0.9098088731544814,1.5158781448438816,1.385606089534189
43,14,6,0.14916992,0.16488266,0.24958223,6.174595,-11.666406,0.37399638,8.333333,5.8537736,True,1690471390.047593,18.09772363553792,-2.400623822342129,0.0,-2.2782729240916098,7.776757335089203,0.5928846551628383,0.9098088731544814,5.218224209735256,0.48886521754188017
43,22,6,0.1120975,0.073755264,0.19557877,-3.031722,-16.206398,0.028465534,12.5,8.093207,True,1690471390.047593,18.09772363553792,-2.400623822342129,0.0,-2.2782729240916098,7.776757335089203,0.5928846551628383,0.9098088731544814,7.751162322328199,10.436328441013838
44,14,6,0.08790636,0.08150005,0.23725463,5.008084,-11.580318,0.32221684,9.166667,4.4907312,True,1690471390.607695,9.299268356430389,-12.221140021388036,0.0,-2.922792639845257,7.1817497949152065,1.001905035431394,1.5043496758689268,1.8969786662195625,-2.0039595064720697
44,17,6,0.097325325,0.05466461,0.16633488,-3.966748,-12.674754,0.19628668,5.5,4.5055523,True,1690471390.607695,9.299268356430389,-12.221140021388036,0.0,-2.922792639845257,7.1817497949152065,1.001905035431394,1.5043496758689268,10.420281748732952,1.0124463266242927
44,18,5,0.09877014,0.07215309,0.18031615,-5.8082843,-12.500246,0.1518882,6.4,4.97996,True,1690471390.607695,9.299268356430389,-12.221140021388036,0.0,-2.922792639845257,7.1817497949152065,1.001905035431394,1.5043496758689268,12.25579170826272,1.2418197661257278
44,33,6,0.09388733,0.097761154,0.19278587,7.4313865,13.566819,0.29493558,12.833333,10.186592,True,1690471390.607695,9.299268356430389,-12.221140021388036,0.0,-2.922792639845257,7.1817497949152065,1.001905035431394,1.5043496758689268,4.989848434006454,-27.07755220681689
46,1,5,0.18934345,0.106785774,0.1956017,6.9644675,-15.109827,0.12151389,9.0,4.7958317,True,1690471391.717968,-17.41135265087361,-11.320440257860126,0.0,2.2450207831225772,13.466627230633822,0.1912398568127518,0.2686026393703702,-9.95554542882515,3.553080448285252
46,5,5,0.096541464,0.10000706,0.17491734,-0.65528125,-14.722554,0.100877605,21.0,13.17194,True,1690471391.717968,-17.41135265087361,-11.320440257860126,0.0,2.2450207831225772,13.466627230633822,0.1912398568127518,0.2686026393703702,-5.501134177639427,-2.6411726781994567
46,20,6,0.077703476,0.10131216,0.26293778,15.317024,-2.3917537,0.3731958,18.5,14.460291,True,1690471391.717968,-17.41135265087361,-11.320440257860126,0.0,2.2450207831225772,13.466627230633822,0.1912398568127518,0.2686026393703702,-25.105225631602373,2.138238300395569
47,3,8,0.17384338,0.21010876,0.29651868,12.182735,-11.256196,0.18334152,10.75,8.664377,True,1690471392.267855,-23.765750678772303,-12.774798009647238,0.0,2.2930500799823528,10.098943332470466,-0.3675929285830555,-0.8163928997732353,-23.373757779973037,3.807340635230024
47,4,7,0.17262962,0.07930279,0.2490024,-0.5127543,-13.691557,-0.19214495,7.857143,5.956189,True,1690471392.267855,-23.765750678772303,-12.774798009647238,0.0,2.2930500799823528,10.098943332470466,-0.3675929285830555,-0.8163928997732353,-13.15376243089312,-4.1083480165248165
47,5,5,0.113660336,0.12169266,0.21900274,-3.1012924,-16.212479,-0.30460832,17.6,18.68957,True,1690471392.267855,-23.765750678772303,-12.774798009647238,0.0,2.2930500799823528,10.098943332470466,-0.3675929285830555,-0.8163928997732353,-9.5510459701446,-4.384049537534867
47,7,6,0.12078047,0.09020901,0.19404297,-4.351005,-15.783706,-0.29083595,10.0,6.542171,True,1690471392.267855,-23.765750678772303,-12.774798009647238,0.0,2.2930500799823528,10.098943332470466,-0.3675929285830555,-0.8163928997732353,-9.04660522257284,-5.605183191283301
47,9,5,0.12065172,0.08656311,0.20103711,-6.7369347,-15.411059,-0.38523215,8.4,4.7222877,True,1690471392.267855,-23.765750678772303,-12.774798009647238,0.0,2.2930500799823528,10.098943332470466,-0.3675929285830555,-0.8163928997732353,-7.748924717948986,-7.641737052066333
47,10,5,0.08020401,0.09137344,0.24715021,-5.525965,-12.237786,-0.28782097,6.0,3.535534,True,1690471392.267855,-23.765750678772303,-12.774798009647238,0.0,2.2930500799823528,10.098943332470466,-0.3675929285830555,-0.8163928997732353,-10.930432391387109,-8.830904017089097
48,7,6,0.14807415,0.06951332,0.27818322,12.8279085,-8.408484,0.019798545,15.5,11.202679,True,1690471392.801274,-20.66863495450555,-22.68404589575453,0.0,2.7406065244237667,9.592784189610557,-0.6477564886779068,-1.0054320810408477,-29.196935624138543,-9.93548019796069
48,14,6,0.09184587,0.056354523,0.25094074,-1.8706564,-13.561614,-0.11245176,9.166667,5.1153364,True,1690471392.801274,-20.66863495450555,-22.68404589575453,0.0,2.7406065244237667,9.592784189610557,-0.6477564886779068,-1.0054320810408477,-13.65290902723397,-10.928352833868882
49,3,5,0.1373787,0.14353418,0.23061438,19.34126,-5.6710677,0.25204057,9.8,9.176056,True,1690471393.388283,-9.325269315336474,-32.06018501805702,0.0,-2.909846603121844,12.686297344428908,-0.396104872711715,-1.0623822586572005,-29.45199173510574,-30.982970144811894
49,6,5,0.11588192,0.07467461,0.21285108,0.95266753,-18.354511,-0.15238796,17.6,13.427584,True,1690471393.388283,-9.325269315336474,-32.06018501805702,0.0,-2.909846603121844,12.686297344428908,-0.396104872711715,-1.0623822586572005,-14.468082576905715,-14.415153954653796
50,5,5,0.13341826,0.06752396,0.24809815,0.63668954,-21.0492,-0.27216312,11.2,5.0695167,True,1690471393.978094,-4.451290901867737,-34.357378629776896,0.0,-2.520155415516906,15.176088746665238,-0.1761849955708517,-0.2659402442392946,-17.223881267776488,-17.614167182893702
51,9,5,0.10130978,0.082107544,0.21945523,7.4547524,-17.183203,0.047150172,10.2,6.9785385,True,1690471394.588076,-9.795749942427005,-35.27312537237604,0.0,-2.412917676069282,15.142234416190274,-0.2093254853757244,-0.3035046863224988,-26.799402906941562,-27.417453246652485
51,13,5,0.1450057,0.13700867,0.2396119,-7.2883406,-18.432854,-0.2712415,9.4,7.4699397,True,1690471394.588076,-9.795749942427005,-35.27312537237604,0.0,-2.412917676069282,15.142234416190274,-0.2093254853757244,-0.3035046863224988,-16.6323294921012,-16.667986422400396
52,6,6,0.11915398,0.1541481,0.1741971,13.694154,-6.9141884,0.23537666,16.333334,15.667376,True,1690471395.148284,-9.882450052556406,-37.52059528804785,0.0,-2.198554819308301,12.761887227660177,-0.2906845859816486,-0.4376400152208102,-23.521437069608883,-44.54298007920566
52,7,6,0.11321354,0.13882732,0.18967384,13.250286,-10.049497,0.23001812,12.666667,7.8655367,True,1690471395.148284,-9.882450052556406,-37.52059528804785,0.0,-2.198554819308301,12.761887227660177,-0.2906845859816486,-0.4376400152208102,-25.798288784000487,-42.34226994624176
52,8,5,0.07595825,0.098278046,0.23495485,10.328203,-8.886034,0.20438416,7.2,3.34664,True,1690471395.148284,-9.882450052556406,-37.52059528804785,0.0,-2.198554819308301,12.761887227660177,-0.2906845859816486,-0.4376400152208102,-23.140411515510525,-40.66063275680335
52,10,6,0.098534584,0.07902241,0.21076143,9.099498,-15.720933,0.103411876,8.0,4.816638,True,1690471395.148284,-9.882450052556406,-37.52059528804785,0.0,-2.198554819308301,12.761887227660177,-0.2906845859816486,-0.4376400152208102,-27.950552158144312,-35.651829774522184
53,5,7,0.08882427,0.090008736,0.24498601,9.6463375,-9.934008,0.2834917,18.0,10.645813,True,1690471395.66811,-4.9995754476483985,-39.550412334902866,0.0,-1.9221992842969229,10.119515467485584,-0.3818872244067453,-0.54475560399663,-17.646940973603364,-45.18783083638527
53,6,5,0.10090685,0.07803154,0.17724085,7.2512307,-13.362932,0.13395765,14.4,11.193748,True,1690471395.66811,-4.9995754476483985,-39.550412334902866,0.0,-1.9221992842969229,10.119515467485584,-0.3818872244067453,-0.54475560399663,-20.041893315841115,-41.75879895266179
53,12,5,0.10869682,0.052524567,0.19364555,-1.464617,-16.038555,-0.079207435,22.0,19.68502,True,1690471395.66811,-4.9995754476483985,-39.550412334902866,0.0,-1.9221992842969229,10.119515467485584,-0.3818872244067453,-0.54475560399663,-19.553882176948242,-32.654579892465534
53,13,5,0.104321,0.075307846,0.19961411,-3.9502926,-16.027945,-0.13653673,18.0,13.982131,True,1690471395.66811,-4.9995754476483985,-39.550412334902866,0.0,-1.9221992842969229,10.119515467485584,-0.3818872244067453,-0.54475560399663,-18.688312801183663,-30.324454270042175
55,8,5,0.11270571,0.059638977,0.2047466,4.0890965,-16.062248,-0.09430374,18.0,7.6811457,True,1690471396.748269,23.421319623177716,-29.615950060430915,0.0,-0.9198039078083724,8.601977401966431,-0.7920877454920453,-1.395183151799304,13.121972458766633,-42.60209533093955
57,2,5,0.06790638,0.12894917,0.266469,15.9611025,-8.671319,0.33816287,9.4,4.5055523,True,1690471397.868579,28.09388150814391,9.83134684098163,0.0,0.3666050116101506,8.02468915611636,-0.7747327598771896,-1.4578562950036444,46.10258110568207,7.457467100789186
57,7,5,0.07211685,0.09273434,0.18504703,-5.208974,-14.458456,-0.18753994,17.0,15.921683,True,1690471397.868579,28.09388150814391,9.83134684098163,0.0,0.3666050116101506,8.02468915611636,-0.7747327598771896,-1.4578562950036444,28.41365192924024,-5.5334866079824
57,8,6,0.09698868,0.17373562,0.17187746,-7.4233627,-12.031732,-0.1838668,4.3333335,2.4221203,True,1690471397.868579,28.09388150814391,9.83134684098163,0.0,0.3666050116101506,8.02468915611636,-0.7747327598771896,-1.4578562950036444,25.47655549243877,-4.0617627181879215
57,15,5,0.08766556,0.14203048,0.25204605,20.275242,-3.594539,0.45412335,13.8,8.729261,True,1690471397.868579,28.09388150814391,9.83134684098163,0.0,0.3666050116101506,8.02468915611636,-0.7747327598771896,-1.4578562950036444,48.31028231405355,13.743288460676478
57,16,5,0.22764015,0.11036253,0.24981514,19.808058,-5.106302,0.44388,10.4,6.1073728,True,1690471397.868579,28.09388150814391,9.83134684098163,0.0,0.3666050116101506,8.02468915611636,-0.7747327598771896,-1.4578562950036444,48.416031449639014,12.164521416952821
58,3,7,0.12698746,0.21601391,0.2818761,-7.4807587,-13.517293,-0.055448465,6.285714,4.4614754,True,1690471398.428588,12.243077054653885,23.269216314724424,0.0,0.9758664581185194,11.285809163571974,-0.3776363794764353,-0.644497748956807,19.245338032483147,9.49796720747768
58,8,5,0.07243824,0.083369255,0.1910376,13.572929,7.760489,0.443484,13.8,8.105554,True,1690471398.428588,12.243077054653885,23.269216314724424,0.0,0.9758664581185194,11.285809163571974,-0.3776363794764353,-0.644497748956807,13.422891901868894,38.85952189493846
58,9,6,0.08822632,0.089333534,0.2668754,14.220848,3.8465636,0.4315977,16.166666,8.795833,True,1690471398.428588,12.243077054653885,23.269216314724424,0.0,0.9758664581185194,11.285809163571974,-0.3776363794764353,-0.644497748956807,17.027483832063808,37.202558381731286
58,12,5,0.10464001,0.0657177,0.19256881,5.6512804,-15.900377,0.02966099,12.2,9.628084,True,1690471398.428588,12.243077054653885,23.269216314724424,0.0,0.9758664581185194,11.285809163571974,-0.3776363794764353,-0.644497748956807,28.578839306209137,19.038160824398677
58,13,6,0.10034466,0.12655449,0.18844122,2.3297157,-16.103615,-0.0012757791,15.666667,9.542886,True,1690471398.428588,12.243077054653885,23.269216314724424,0.0,0.9758664581185194,11.285809163571974,-0.3776363794764353,-0.644497748956807,26.88558536477982,16.173376568863162
58,14,5,0.08118367,0.068579674,0.23538733,2.381907,-13.06499,0.016094629,9.8,4.9699097,True,1690471398.428588,12.243077054653885,23.269216314724424,0.0,0.9758664581185194,11.285809163571974,-0.3776363794764353,-0.644497748956807,24.39828384196103,17.91960019629581
58,18,6,0.10014248,0.059114456,0.18907405,-4.3390136,-15.047954,-0.032505628,13.666667,9.395034,True,1690471398.428588,12.243077054653885,23.269216314724424,0.0,0.9758664581185194,11.285809163571974,-0.3776363794764353,-0.644497748956807,22.273805966576354,11.24206219986319
58,19,6,0.08886337,0.058714867,0.2262359,-3.539286,-11.643234,0.026277611,8.166667,3.9707263,True,1690471398.428588,12.243077054653885,23.269216314724424,0.0,0.9758664581185194,11.285809163571974,-0.3776363794764353,-0.644497748956807,19.90226625206332,13.812564465003057
59,4,8,0.09846032,0.07395744,0.21491592,-0.8346618,11.013016,0.24470523,24.75,12.115516,True,1690471398.988644,1.33593103507599,24.686640494033306,0.0,1.145402700692624,11.171919377988342,0.2175120869956816,0.26392168404654,-9.040012611501696,28.471211167132093
59,9,5,0.07341862,0.11466026,0.21350816,14.826477,-9.213404,0.52313036,10.8,6.9785385,True,1690471398.988644,1.33593103507599,24.686640494033306,0.0,1.145402700692624,11.171919377988342,0.2175120869956816,0.26392168404654,15.846783969622216,34.38954627584507
59,10,7,0.10098648,0.107825756,0.21284765,9.612825,-7.6296625,0.35809925,11.428572,7.3452287,True,1690471398.988644,1.33593103507599,24.686640494033306,0.0,1.145402700692624,11.171919377988342,0.2175120869956816,0.26392168404654,12.252624711136235,30.294131334649762
59,12,9,0.08667183,0.11789322,0.2647278,6.308959,-9.256187,0.2796927,9.666667,6.0827627,True,1690471398.988644,1.33593103507599,24.686640494033306,0.0,1.145402700692624,11.171919377988342,0.2175120869956816,0.26392168404654,12.370750129480543,26.613484804405758
59,14,5,0.09988296,0.05543804,0.20421815,-1.7524376,-15.777057,0.072745696,17.0,8.689074,True,1690471398.988644,1.33593103507599,24.686640494033306,0.0,1.145402700692624,11.171919377988342,0.2175120869956816,0.26392168404654,14.983684496348678,16.57952074757204
59,16,6,0.09509945,0.064011574,0.23671478,-2.1713247,-12.790301,0.079774685,8.833333,6.8532233,True,1690471398.988644,1.33593103507599,24.686640494033306,0.0,1.145402700692624,11.171919377988342,0.2175120869956816,0.26392168404654,12.090252996740505,17.43053893959711
60,8,5,0.2082882,0.21423578,0.22455713,16.492855,7.550336,0.41740346,4.2,2.1679482,True,1690471399.548425,3.518588948018805,23.665282005389052,0.0,0.8513422766470883,7.501316112233518,0.561951135409303,0.753793982978202,8.70785058020186,41.046116377670316
60,11,6,0.100097656,0.09724712,0.24259046,11.568616,-7.784994,0.37385437,8.0,5.8651514,True,1690471399.548425,3.518588948018805,23.665282005389052,0.0,0.8513422766470883,7.501316112233518,0.561951135409303,0.753793982978202,16.997612305463214,27.236687480123074
60,12,5,0.10324383,0.1342001,0.22298095,12.8346615,-10.627563,0.3731678,10.0,7.9686885,True,1690471399.548425,3.518588948018805,23.665282005389052,0.0,0.8513422766470883,7.501316112233518,0.561951135409303,0.753793982978202,19.969986171959956,26.315783942504474
60,13,8,0.117414474,0.1276083,0.21331495,8.669381,-8.587325,0.27487415,9.625,5.998512,True,1690471399.548425,3.518588948018805,23.665282005389052,0.0,0.8513422766470883,7.501316112233518,0.561951135409303,0.753793982978202,15.690577241197374,24.52726725439846
60,14,7,0.1484251,0.15115929,0.2668141,9.610742,-11.751428,0.26061553,14.428572,10.406042,True,1690471399.548425,3.518588948018805,23.665282005389052,0.0,0.8513422766470883,7.501316112233518,0.561951135409303,0.753793982978202,18.69083923986149,23.150264615947087
60,19,8,0.18425202,0.10416889,0.26503998,-1.332024,-14.321782,0.038129535,14.375,10.609127,True,1690471399.548425,3.518588948018805,23.665282005389052,0.0,0.8513422766470883,7.501316112233518,0.561951135409303,0.753793982978202,13.413171463798193,13.225695594494566
61,17,7,0.064982414,0.093800545,0.24579814,11.688082,-8.573064,0.19053721,5.428571,3.1547394,True,1690471400.128538,13.496398904279015,17.145464159633097,0.0,0.1870885706872281,7.106642549091532,1.0048692270361994,1.5031966053875812,26.575104826773256,10.895973093975497
61,18,5,0.09902668,0.1220417,0.19887473,13.1209,-11.491486,0.16036493,12.8,15.139353,True,1690471400.128538,13.496398904279015,17.145464159633097,0.0,0.1870885706872281,7.106642549091532,1.0048692270361994,1.5031966053875812,28.5257437970165,8.294980591299575
61,21,7,0.09640598,0.16398239,0.24836966,6.1937203,-12.734551,0.16563858,5.285714,4.820591,True,1690471400.128538,13.496398904279015,17.145464159633097,0.0,0.1870885706872281,7.106642549091532,1.0048692270361994,1.5031966053875812,21.950652849847945,5.785158241654248
62,7,5,0.09133673,0.14545155,0.18938312,7.1125717,-13.418383,0.27021655,13.0,6.9641943,True,1690471400.668683,17.554676036462194,2.3152158930446487,0.0,-0.6518547917008998,8.289813797090655,0.7461121227774044,1.298823558793627,15.068463398096629,-12.666787485648111
62,9,6,0.10202551,0.07091522,0.18532902,4.0996695,-14.196355,0.23464704,14.833333,16.436747,True,1690471400.668683,17.554676036462194,2.3152158930446487,0.0,-0.6518547917008998,8.289813797090655,0.7461121227774044,1.298823558793627,12.20136086296398,-11.457430982136936
62,12,5,0.104020536,0.053844452,0.19305761,0.7399514,-15.232695,0.13480401,18.4,10.1143465,True,1690471400.668683,17.554676036462194,2.3152158930446487,0.0,-0.6518547917008998,8.289813797090655,0.7461121227774044,1.298823558793627,8.901811552035177,-10.243066682671211
62,15,7,0.19556135,0.072818756,0.20488791,-0.9991695,-15.842736,0.09000249,12.0,7.6811457,True,1690471400.668683,17.554676036462194,2.3152158930446487,0.0,-0.6518547917008998,8.289813797090655,0.7461121227774044,1.298823558793627,7.149191461646529,-9.672966388631732
62,23,5,0.1331327,0.101659775,0.24840686,-3.4211228,18.500944,0.12421783,12.6,11.349009,True,1690471400.668683,17.554676036462194,2.3152158930446487,0.0,-0.6518547917008998,8.289813797090655,0.7461121227774044,1.298823558793627,26.058838936288254,19.098190107320196
62,28,6,0.089372635,0.062005043,0.17711025,10.198307,10.1875,0.4713031,13.833333,9.08662,True,1690471400.668683,17.554676036462194,2.3152158930446487,0.0,-0.6518547917008998,8.289813797090655,0.7461121227774044,1.298823558793627,31.84228995505928,4.2269455887286025
63,2,5,0.14372492,0.12850857,0.26984042,-5.729029,12.338823,-0.02403959,2.6,1.5165751,True,1690471401.238816,10.64397404065414,-8.449406678079596,0.0,-1.3315839871088642,8.67851999118814,0.7502952890938063,1.3424908878681658,21.27402622438712,0.04001714685008606
63,4,6,0.16209912,0.1366539,0.28256413,-3.6627934,13.957078,-0.002254655,7.3333335,4.3665395,True,1690471401.238816,10.64397404065414,-8.449406678079596,0.0,-1.3315839871088642,8.67851999118814,0.7502952890938063,1.3424908878681658,23.335769887565732,-1.5839569499492399
63,8,6,0.101617336,0.059783936,0.19617628,2.7009494,15.178268,0.13684206,12.0,5.585696,True,1690471401.238816,10.64397404065414,-8.449406678079596,0.0,-1.3315839871088642,8.67851999118814,0.7502952890938063,1.3424908878681658,26.029995491735036,-7.477145885872675
63,13,5,0.11817074,0.13565445,0.1982297,12.676387,-8.903704,0.37938914,14.4,12.033287,True,1690471401.238816,10.64397404065414,-8.449406678079596,0.0,-1.3315839871088642,8.67851999118814,0.7502952890938063,1.3424908878681658,4.997314924840264,-22.87445340671036
63,14,6,0.105602264,0.12767982,0.22884376,9.285656,-9.314765,0.30631214,10.333333,7.284687,True,1690471401.238816,10.64397404065414,-8.449406678079596,0.0,-1.3315839871088642,8.67851999118814,0.7502952890938063,1.3424908878681658,3.7945677077659017,-19.677669555415143
64,13,6,0.11151552,0.053333282,0.18755242,5.771045,-14.948073,0.14803037,14.166667,9.988326,True,1690471401.788625,3.899021907189872,-10.928433533201998,0.0,-1.5523008226555262,6.998851130920958,-0.5481876980658131,-0.8511497418942332,-10.939762118620052,-16.974947854753072
65,5,5,0.08751011,0.12649536,0.20466346,12.866626,-11.840085,0.2618227,9.2,5.4037023,True,1690471402.368815,6.386842677996728,-6.66717051273678,0.0,-0.8496967450514399,7.228981546535818,-1.002276439608116,-1.667510243283356,5.98867625412066,-24.14799260238688
65,10,21,0.08388317,0.09105635,0.14878868,-1.8354921,2.9793346,0.29557452,11.619047,10.781819,True,1690471402.368815,6.386842677996728,-6.66717051273678,0.0,-0.8496967450514399,7.228981546535818,-1.002276439608116,-1.667510243283356,7.412750013049002,-3.3215793769574073
66,13,5,0.093185425,0.12453556,0.24306591,13.69985,-15.688896,0.21643317,7.2,3.563706,True,1690471402.948839,4.43729026495088,-0.444576199434443,0.0,0.0594086875591023,10.54644461576339,0.0757102762500577,-0.38816768268087,19.044479854851744,-15.2923827716527
67,15,9,0.06486797,0.13593519,0.2608547,11.22097,-1.5475075,0.3186238,11.222222,8.983008,True,1690471403.488879,-1.9501060186644876,-0.4290823966424607,0.0,0.1063183692652166,13.968525245325107,0.0768555042560731,-0.0111594447100658,9.371723731669409,-0.777102953377999
67,20,5,0.14272022,0.07428551,0.2126902,8.150282,-15.077379,0.20284107,9.0,6.4420495,True,1690471403.488879,-1.9501060186644876,-0.4290823966424607,0.0,0.1063183692652166,13.968525245325107,0.0768555042560731,-0.0111594447100658,7.754139715468522,-14.55643419804977
68,25,11,0.15099525,0.10475731,0.25470248,9.821705,-5.032973,0.42026594,9.454545,7.7118564,True,1690471404.089051,-10.73868031523475,-0.787404948437629,0.0,0.1159674188688864,13.866080743957022,-0.1956531243070536,-0.419044052873642,-0.4005911038014788,-4.650126499650064
68,26,6,0.10390377,0.09758949,0.22467661,11.197194,-6.582193,0.43523917,10.833333,5.7416606,True,1690471404.089051,-10.73868031523475,-0.787404948437629,0.0,0.1159674188688864,13.866080743957022,-0.1956531243070536,-0.419044052873642,1.1449157911625445,-6.0297862530456845
68,28,5,0.14030933,0.12527752,0.2523497,12.756086,-9.036112,0.3771172,6.6,5.504544,True,1690471404.089051,-10.73868031523475,-0.787404948437629,0.0,0.1159674188688864,13.866080743957022,-0.1956531243070536,-0.419044052873642,2.977274432656545,-8.286847292354825
68,32,6,0.089228034,0.13309479,0.23492378,2.0247157,-13.011395,0.067605756,7.6666665,6.0553007,True,1690471404.089051,-10.73868031523475,-0.787404948437629,0.0,0.1159674188688864,13.866080743957022,-0.1956531243070536,-0.419044052873642,-7.222045887061931,-13.477131336758267
68,33,5,0.10548711,0.056394577,0.2055622,1.3887669,-17.187376,-0.022998733,14.8,7.362065,True,1690471404.089051,-10.73868031523475,-0.787404948437629,0.0,0.1159674188688864,13.866080743957022,-0.1956531243070536,-0.419044052873642,-7.370530213041466,-17.69864772231463
69,10,7,0.07450199,0.1145134,0.2546211,13.32936,-5.730838,0.35000855,14.571428,9.930713,True,1690471404.659072,-16.205086451054548,-6.100192523186489,0.0,0.4979685876714103,10.048804943757446,-0.4280422059765142,-0.6921641306065612,-1.7572272047042423,-4.768387211027854
69,13,5,0.11226654,0.060188293,0.21130577,-3.618962,-16.432735,-0.29351038,11.6,5.07937,True,1690471404.659072,-16.205086451054548,-6.100192523186489,0.0,0.4979685876714103,10.048804943757446,-0.4280422059765142,-0.6921641306065612,-11.53558095595507,-22.265816048708317
69,14,5,0.11438084,0.068468094,0.22982563,-4.330639,-17.801184,-0.3688919,15.4,10.163661,True,1690471404.659072,-16.205086451054548,-6.100192523186489,0.0,0.4979685876714103,10.048804943757446,-0.4280422059765142,-0.6921641306065612,-11.507199632739448,-23.80799999312692
69,15,5,0.16530704,0.10748768,0.27368373,-5.1656947,-13.136858,-0.30365282,8.8,4.0249224,True,1690471404.659072,-16.205086451054548,-6.100192523186489,0.0,0.4979685876714103,10.048804943757446,-0.4280422059765142,-0.6921641306065612,-14.46871886366166,-20.108992166525795
71,10,5,0.08469677,0.11406803,0.22809309,15.983464,-9.654569,0.38852096,8.2,6.3007936,True,1690471406.850337,-18.704897452621427,-14.792088461316704,0.0,1.0054347356244544,-0.0020209813255686,-0.0016156378082631,0.0004700035795106,-1.9899480634148716,-6.467889344805833
71,12,5,0.09474659,0.08956623,0.23042399,14.500509,-12.309889,0.35066667,8.2,5.585696,True,1690471406.850337,-18.704897452621427,-14.792088461316704,0.0,1.0054347356244544,-0.0020209813255686,-0.0016156378082631,0.0004700035795106,-0.5422596795392067,-9.142600203499995
71,13,5,0.07706356,0.12759304,0.21400458,9.764313,-15.528961,0.16137412,10.0,8.093207,True,1690471406.850337,-18.704897452621427,-14.792088461316704,0.0,1.0054347356244544,-0.0020209813255686,-0.0016156378082631,0.0004700035795106,-0.3613720543074077,-14.866345197700733
71,15,5,0.089556694,0.09980488,0.20035714,7.2393923,-15.7308,0.13701223,10.0,8.031189,True,1690471406.850337,-18.704897452621427,-14.792088461316704,0.0,1.0054347356244544,-0.0020209813255686,-0.0016156378082631,0.0004700035795106,-1.5435937119769996,-17.106504896326356
71,17,5,0.109442234,0.11924839,0.1824224,1.6362765,-15.777674,-0.037388206,22.0,18.947296,True,1690471406.850337,-18.704897452621427,-14.792088461316704,0.0,1.0054347356244544,-0.0020209813255686,-0.0016156378082631,0.0004700035795106,-4.505721333417723,-21.862858940590044
71,21,6,0.1084075,0.06235218,0.26334143,-4.147294,-13.707626,-0.08251362,5.1666665,4.708149,True,1690471406.850337,-18.704897452621427,-14.792088461316704,0.0,1.0054347356244544,-0.0020209813255686,-0.0016156378082631,0.0004700035795106,-9.352040591855454,-25.63750807608195
72,10,5,0.08597565,0.0905056,0.22797921,15.958858,-9.661852,0.38147962,8.4,4.6151924,True,1690471407.400014,-18.70419465130422,-14.802270248514978,0.0,1.0055893152236215,-0.0018923307879249,-0.0008207753413189,0.0003388151531488,-1.9975606251287026,-6.500167367346712
72,11,5,0.18433952,0.07828522,0.23289002,14.520787,-12.354225,0.34155303,8.2,8.58487,True,1690471407.400014,-18.70419465130422,-14.802270248514978,0.0,1.0055893152236215,-0.0018923307879249,-0.0008207753413189,0.0003388151531488,-0.49412891845871165,-9.156596112024303
72,12,5,0.07931423,0.12885475,0.21386787,9.749464,-15.537903,0.15381527,9.2,6.0580525,True,1690471407.400014,-18.70419465130422,-14.802270248514978,0.0,1.0055893152236215,-0.0018923307879249,-0.0008207753413189,0.0003388151531488,-0.36105965905030324,-14.8910203507961
72,14,5,0.08085489,0.14137745,0.19992208,7.2236695,-15.734695,0.1299199,11.0,9.407444,True,1690471407.400014,-18.70419465130422,-14.802270248514978,0.0,1.0055893152236215,-0.0018923307879249,-0.0008207753413189,0.0003388151531488,-1.5476650978926507,-17.129397548679428
72,15,5,0.107776046,0.06153965,0.18362653,1.6244606,-15.780045,-0.04351719,21.0,18.801596,True,1690471407.400014,-18.70419465130422,-14.802270248514978,0.0,1.0055893152236215,-0.0018923307879249,-0.0008207753413189,0.0003388151531488,-4.508251933640679,-21.882093890371657
72,18,5,0.11824989,0.08099651,0.26252568,-4.1691227,-13.713054,-0.0849632,6.6,4.774935,True,1690471407.400014,-18.70419465130422,-14.802270248514978,0.0,1.0055893152236215,-0.0018923307879249,-0.0008207753413189,0.0003388151531488,-9.35676884396444,-25.667585010216527
73,2,5,0.09361267,0.07559204,0.21327323,9.737178,-15.527609,0.15537599,10.6,6.8774996,True,1690471407.969423,-18.706727323641974,-14.823881300066208,0.0,1.006075227200447,-0.0019951377483076,-0.0012702055332565,-6.96862117492e-05,-0.37882232846623687,-14.90858754763542
73,3,5,0.15877485,0.11366844,0.20044899,7.241951,-15.79527,0.12986699,10.6,8.018728,True,1690471407.969423,-18.706727323641974,-14.823881300066208,0.0,1.006075227200447,-0.0019951377483076,-0.0012702055332565,-6.96862117492e-05,-1.4881151211197405,-17.159647229788916
73,4,5,0.1066792,0.07353687,0.1828436,1.6201645,-15.785395,-0.04221962,19.2,14.805405,True,1690471407.969423,-18.706727323641974,-14.823881300066208,0.0,1.006075227200447,-0.0019951377483076,-0.0012702055332565,-6.96862117492e-05,-4.505125951003086,-21.90329842054629
73,6,5,0.18778116,0.091563225,0.18800807,-0.9692811,-15.986728,-0.12502863,18.2,12.111978,True,1690471407.969423,-18.706727323641974,-14.823881300066208,0.0,1.006075227200447,-0.0019951377483076,-0.0012702055332565,-6.96862117492e-05,-5.720872451647951,-24.19845068966007
73,7,5,0.102654934,0.06558418,0.265004,-4.1649466,-13.695131,-0.08307226,6.6,5.98331,True,1690471407.969423,-18.706727323641974,-14.823881300066208,0.0,1.006075227200447,-0.0019951377483076,-0.0012702055332565,-6.96862117492e-05,-9.366928304548015,-25.67153300773751
73,19,5,0.06153202,0.1250639,0.22905037,15.992488,-9.68734,0.3809443,8.8,5.3572383,True,1690471407.969423,-18.706727323641974,-14.823881300066208,0.0,1.006075227200447,-0.0019951377483076,-0.0012702055332565,-6.96862117492e-05,-1.9646005699209717,-6.498893584274464
73,20,5,0.08250046,0.14626026,0.2331806,14.471069,-12.313708,0.34095758,7.6,6.308724,True,1690471407.969423,-18.706727323641974,-14.823881300066208,0.0,1.006075227200447,-0.0019951377483076,-0.0012702055332565,-6.96862117492e-05,-0.5602413775912858,-9.189674122316188
75,2,5,0.097797394,0.09653568,0.21291187,9.740899,-15.524305,0.15619639,9.2,5.890671,True,1690471409.069296,-18.71850198663556,-14.78997040346374,0.0,1.005142792371749,-0.002042127425462,-0.0007392870922513,1.74622983e-07,-0.39147897029245193,-14.886853940022215
75,6,5,0.104951024,0.06280136,0.18275067,1.6239125,-15.788874,-0.041856237,21.2,21.64948,True,1690471409.069296,-18.71850198663556,-14.78997040346374,0.0,1.005142792371749,-0.002042127425462,-0.0007392870922513,1.74622983e-07,-4.518561969220238,-21.881326937818727
75,7,5,0.087640285,0.106328964,0.26493767,-4.162818,-13.695961,-0.08306993,6.0,4.7958317,True,1690471409.069296,-18.71850198663556,-14.78997040346374,0.0,1.005142792371749,-0.002042127425462,-0.0007392870922513,1.74622983e-07,-9.386980175768016,-25.644973955188092
75,17,5,0.072348595,0.10157585,0.22836918,15.964948,-9.668823,0.3803324,9.2,5.4037023,True,1690471409.069296,-18.71850198663556,-14.78997040346374,0.0,1.005142792371749,-0.002042127425462,-0.0007392870922513,1.74622983e-07,-1.9990133176931284,-6.493923061678699
75,18,5,0.1157732,0.081819534,0.23285942,14.511592,-12.349984,0.34007955,8.0,7.106335,True,1690471409.069296,-18.71850198663556,-14.78997040346374,0.0,1.005142792371749,-0.002042127425462,-0.0007392870922513,1.74622983e-07,-0.5144257849729499,-9.157917774201383
